day,event,source_pdf,source_page,team,competitor_no,name,name_truncated_in_pdf,category,first_bout,first_corner,bout_2,corner_2,bout_3,corner_3,bout_4,corner_4,bout_5,corner_5
2,TEAM SPARRING,source/team_sparring.pdf,2,RSB TAEKWONDO CLUB,001,"Dayang,Aryssa,",no,12 - 14 FTS,H05,B,,,,,,,,
2,TEAM SPARRING,source/team_sparring.pdf,2,RSB TAEKWONDO CLUB,002,"Qisya,Syasya,Aliya",no,12 - 14 FTS,H05,R,,,,,,,,
2,TEAM SPARRING,source/team_sparring.pdf,3,HYPERTIGER TAEKWONDO CLUB,003,"MUHAMMAD DANIAL,MUHAMMAD SAM...",yes,12 - 14 MTS,H06,B,H03,B,H02,B,,,,
2,TEAM SPARRING,source/team_sparring.pdf,3,MACTS,004,"Muhammad umar,Afi raid,Khalish adam",no,12 - 14 MTS,H06,R,H04,R,,,,,,
2,TEAM SPARRING,source/team_sparring.pdf,3,MACTS,005,"Muhammad aâ isy Rayyan,Haq adly day...",yes,12 - 14 MTS,H06,B,H03,B,H02,R,,,,
2,TEAM SPARRING,source/team_sparring.pdf,3,RSB TAEKWONDO CLUB,006,"Ashman,Rushidi,Adi amsyar",no,12 - 14 MTS,H06,B,H03,R,,,,,,
2,TEAM SPARRING,source/team_sparring.pdf,3,SPT TAEKWONDO CLUB,007,"PUTERA DANISH AIMAN,MOHAMAD ZAFRI,M...",yes,12 - 14 MTS,H06,R,H04,B,,,,,,
2,TEAM SPARRING,source/team_sparring.pdf,4,RSB TAEKWONDO CLUB,008,"Adelyya,Syahirah,Syifa D",no,ABOVE 18 FTS,H08,B,,,,,,,,
2,TEAM SPARRING,source/team_sparring.pdf,4,UNIVERSITY POLY-TECH MALAYSIA (UPTM),009,"WAN NUR FARHA 'AFINA,AINA MAISARA,NURIY NAZIHAH",no,ABOVE 18 FTS,H08,R,,,,,,,,
2,TEAM SPARRING,source/team_sparring.pdf,6,BRAVO TAEKWONDO CLUB PENANG,010,"MUHAMMAD DANISH HAKIM,MUHAMMAD RAFIQ Z...",yes,15 - 17 MTS,H10,R,,,,,,,,
2,TEAM SPARRING,source/team_sparring.pdf,6,MACTS,011,"Muhammad adam aqil,Auf radi bin azman,Pa...",yes,15 - 17 MTS,H10,B,H07,R,,,,,,
2,TEAM SPARRING,source/team_sparring.pdf,6,RSB TAEKWONDO CLUB,012,"ROSHEAAN,Rayyan,Amirul hadi",no,15 - 17 MTS,H10,B,H07,B,,,,,,
2,TEAM SPARRING,source/team_sparring.pdf,1,MACTS,013,"Aryan naufal,Ammar harraz,Azka aldric",no,9 - 11 MTS,H01,B,,,,,,,,
2,TEAM SPARRING,source/team_sparring.pdf,1,RSB TAEKWONDO CLUB,014,"Latif,Qaizer,Umar",no,9 - 11 MTS,H01,R,,,,,,,,
2,TEAM SPARRING,source/team_sparring.pdf,5,ACTION TAEKWONDO MARTIAL ART,015,"MUHAMMAD NUR ASHIM HAZIM,MUNSHI MUHAMMAD ALIF FAK...",yes,ABOVE 18 MTS,H09,R,,,,,,,,
2,TEAM SPARRING,source/team_sparring.pdf,5,UNIVERSITY POLY-TECH MALAYSIA (UPTM),016,"MOHD AZRIL,MUHAMMAD DANISH FARHAN,NUR FAIQ A...",yes,ABOVE 18 MTS,H09,B,,,,,,,,
